{"cameraMode":{"drawMode":0,"name":"Shaded","section":"Shading Mode"},"sceneLighting":false,"audioPlay":false,"sceneViewState":{"m_AlwaysRefresh":false,"showFog":true,"showSkybox":false,"showFlares":true,"showImageEffects":true,"showParticleSystems":true,"showVisualEffectGraphs":true,"m_FxEnabled":true},"in2DMode":false,"pivot":{"x":-0.055379971861839297,"y":0.029040059074759485,"z":-0.004173889756202698},"rotation":{"x":0.05066553130745888,"y":0.011082684621214867,"z":0.0005622998578473926,"w":-0.9986551403999329},"size":2.0660252571105959,"orthographic":false}